id;title;description;created_at;is_public;workstation_id;author_id
1;Forward;Account;2023-01-09T05:49:12;true;1;13
2;Fresh Total Health;Group;2023-01-08T17:01:25;false;2;13
3;Buckinghamshire functionalities;Ouguiya e-business;2023-01-09T11:03:47;false;3;13
4;Borders Mouse discrete;Account impactful compress;2023-01-08T18:55:43;true;1;13
5;orange Stream National;Incredible;2023-01-09T13:09:04;false;2;13
6;Isle back-end Investor;aggregate Account;2023-01-09T12:06:12;true;3;13
7;Fantastic 1080p;Branding Health;2023-01-09T07:22:44;true;1;13
8;Cotton HDD;Wisconsin Designer global;2023-01-09T11:16:59;true;2;13
9;Communications;calculate contingency;2023-01-09T03:09:11;false;3;13
10;Bike;grid-enabled Electronics;2023-01-09T01:35:37;true;1;13
